{
  "train_loss": [
    0.15849187215180296,
    0.13714619928538865,
    0.1322131269465673,
    0.1289853708163218,
    0.12621258491118925,
    0.12366511209658063,
    0.1210310536288924,
    0.11836618559639674,
    0.11560805275060493,
    0.11266469006136176,
    0.10961540563488906,
    0.10672047386125771,
    0.09712841902569053,
    0.09545236315731204,
    0.09449762342441889,
    0.09304580416584121,
    0.09283593287081618,
    0.09268910203802996,
    0.09267263737952669,
    0.09263970410155668
  ],
  "val_loss": [
    0.14056717678166852,
    0.1335584879069045,
    0.1317991566392455,
    0.12970558782615285,
    0.12909133909362377,
    0.12819819985935005,
    0.12804320852945347,
    0.1268184398955638,
    0.1268309392403848,
    0.12577753890268872,
    0.12621087809600454,
    0.12723831913553843,
    0.12347120688398286,
    0.12363045788047337,
    0.12389733074325146,
    0.12366567456191128,
    0.12369944804375714,
    0.123686683650064,
    0.12368626405697057,
    0.12368611799608363
  ],
  "train_f1": [
    0.016197481096001727,
    0.06409459235921883,
    0.09366689658786824,
    0.11513950994918402,
    0.1341275058223656,
    0.15300905333209647,
    0.17222760855886965,
    0.19243946223293373,
    0.21294543689548903,
    0.23479243375352696,
    0.25693786339410535,
    0.27940912703496634,
    0.3275298723055837,
    0.3381563130017788,
    0.34578222133938663,
    0.35591990956323394,
    0.35676089460061206,
    0.35675780334562623,
    0.357411266183615,
    0.35782420397069425
  ],
  "val_f1": [
    0.03030875351943887,
    0.06449069377809467,
    0.11537581678516794,
    0.10681658383864577,
    0.11412874749391386,
    0.15886248956148577,
    0.1715482320673395,
    0.17426074465902724,
    0.1872473516234077,
    0.18934769718216196,
    0.19797367633938198,
    0.20302743905472873,
    0.23271821986994531,
    0.23969540892556163,
    0.240960468252254,
    0.23911544992265724,
    0.2396053264821225,
    0.23937914101867983,
    0.23952962828818525,
    0.23953192232932785
  ]
}